,Dial,"Date, GMT",Price,Dial numerals,Location,Material bezel,Movement,Ref. No.,Waterproof,Brand,Glass,Clasp,Gender,Bracelet material,Case material,Case diameter,Bracelet color,url,Movement/Caliber,Clasp material,Condition,Year,Availability
With papers,Black,"Date, GMT","$6,295",No numerals,"United States, California, Newport Beach",Steel,Automatic,216570,10 ATM,Rolex,Sapphire Glass,Fold clasp,Men's watch/Unisex,Steel,Steel,42 mm,Steel,http://www.chrono24.com/rolex/explorer-ii--steel-black-dial-bezel-42mm-216570-new--id5450808.htm,3187,Steel,0 (unworn),2016,Available now
,,,"$6,350",,"United States, New York, new york",,Automatic,16700,,Rolex,Sapphire Glass,Fold clasp,Men's watch/Unisex,Steel,Steel,40 mm,Steel,http://www.chrono24.com/rolex/gmt-master-ii-pepsi-bezel--id5649644.htm,,Steel,1 (mint),1999,Available now
With papers,Green,,"$7,995",No numerals,"United States, California, Newport Beach",Ceramic,Automatic,116610LV,30 ATM,Rolex,Sapphire Glass,Double-fold clasp,Men's watch/Unisex,Steel,Steel,40 mm,Steel,http://www.chrono24.com/rolex/submariner-stainless-ceramic-green-dial-hulk-watch-40mm--id5543657.htm,3135,Steel,1 (mint),2016,Available now
With papers,,,"$21,500",,"United States, New York, New York",,Automatic,116718,,Rolex,,Double-fold clasp,Men's watch/Unisex,Yellow Gold,Yellow gold,,Yellow,http://www.chrono24.com/rolex/rolex-watches---gmt-master-ii-yellow-gold--id3957919.htm,,Yellow gold,1 (mint),2010 2011 2012 2013 2014,Available now
With papers,Mother of pearl,,"$13,999",,"United States, New York, New York",,Automatic,114300,10 ATM,Rolex,,,Men's watch/Unisex,Steel,,39 mm,Steel,http://www.chrono24.com/rolex/new-style-rolex-oyster-perpetual-15-carats-of-genuine-diamonds-micro-pave-style--id5685821.htm,,,1 (mint),,Available now
,Champagne,,"$3,299 [Negotiable]",,"United States, New York, New York",Yellow gold,Automatic,1600,,Rolex,Plexiglass,Fold clasp,Men's watch/Unisex,Gold/Steel,Steel,36 mm,Gold/Steel,http://www.chrono24.com/rolex/mens-rolex-datejust-1600-18k-yellow-gold--ss--id5462661.htm,,Steel,1 (mint),1968,Available now
With box,Champagne,,"$3,300",No numerals,"United States, Florida, Miami",Yellow gold,Automatic,,,Rolex,,Fold clasp,Men's watch/Unisex,Gold/Steel,Gold/Steel,36 mm,Gold/Steel,http://www.chrono24.com/rolex/datejust-36mm-two-tone-jubilee-band-champaigne-dial--id4831067.htm,,Steel,1 (mint),1975,Available now
,,,"$3,495",,"United States, California, Los Angeles",,Automatic,16014,,Rolex,,,Men's watch/Unisex,Steel,Steel,36 mm,,http://www.chrono24.com/rolex/ss-datejust-36mm-custom-black-diamond-dial-wg-fluted-16014--id4878831.htm,Rolex Automatic 3035,,1 (mint),1980's,Available now
With papers,Black,"Date, GMT","$8,999",No numerals,"United States, New York, New York",Ceramic,Automatic,116710BLNR,10 ATM,Rolex,Sapphire Glass,Fold clasp,Men's watch/Unisex,Steel,Steel,40 mm,Steel,http://www.chrono24.com/rolex/gmt-master-ii-black-and-blue-ceramic-2016--id3465696.htm,,Steel,0 (unworn),2016,Available now
With papers,,,"$18,500",,"United States, New York, New York",,Automatic,116515 LNbr,,Rolex,,,Men's watch/Unisex,Crocodile skin,Pink gold,,,http://www.chrono24.com/rolex/daytona--id4692614.htm,,,1 (mint),2013,Available now
,Dial,"Date, GMT",Price,Dial numerals,Location,Material bezel,Movement,Ref. No.,Waterproof,Brand,Glass,Clasp,Gender,Bracelet material,Case material,Case diameter,Bracelet color,url,Movement/Caliber,Clasp material,Condition,Year,Availability
With papers,Black,"Date, GMT","$6,295",No numerals,"United States, California, Newport Beach",Steel,Automatic,216570,10 ATM,Rolex,Sapphire Glass,Fold clasp,Men's watch/Unisex,Steel,Steel,42 mm,Steel,http://www.chrono24.com/rolex/explorer-ii--steel-black-dial-bezel-42mm-216570-new--id5450808.htm,3187,Steel,0 (unworn),2016,Available now
With papers,Black,,"$29,500",,"United States, Pennsylvania, Philadelphia",,Automatic,218239,10 ATM,Rolex,,Fold clasp,Men's watch/Unisex,,White gold,41 mm,Silver,http://www.chrono24.com/rolex/day-date-ii-218239--id5601872.htm,,,1 (mint),,Available now
,,,"$6,350",,"United States, New York, new york",,Automatic,16700,,Rolex,Sapphire Glass,Fold clasp,Men's watch/Unisex,Steel,Steel,40 mm,Steel,http://www.chrono24.com/rolex/gmt-master-ii-pepsi-bezel--id5649644.htm,,Steel,1 (mint),1999,Available now
With papers,Green,,"$7,995",No numerals,"United States, California, Newport Beach",Ceramic,Automatic,116610LV,30 ATM,Rolex,Sapphire Glass,Double-fold clasp,Men's watch/Unisex,Steel,Steel,40 mm,Steel,http://www.chrono24.com/rolex/submariner-stainless-ceramic-green-dial-hulk-watch-40mm--id5543657.htm,3135,Steel,1 (mint),2016,Available now
With papers,,,"$21,500",,"United States, New York, New York",,Automatic,116718,,Rolex,,Double-fold clasp,Men's watch/Unisex,Yellow Gold,Yellow gold,,Yellow,http://www.chrono24.com/rolex/rolex-watches---gmt-master-ii-yellow-gold--id3957919.htm,,Yellow gold,1 (mint),2010 2011 2012 2013 2014,Available now
With papers,Mother of pearl,,"$13,999",,"United States, New York, New York",,Automatic,114300,10 ATM,Rolex,,,Men's watch/Unisex,Steel,,39 mm,Steel,http://www.chrono24.com/rolex/new-style-rolex-oyster-perpetual-15-carats-of-genuine-diamonds-micro-pave-style--id5685821.htm,,,1 (mint),,Available now
,Champagne,,"$3,299 [Negotiable]",,"United States, New York, New York",Yellow gold,Automatic,1600,,Rolex,Plexiglass,Fold clasp,Men's watch/Unisex,Gold/Steel,Steel,36 mm,Gold/Steel,http://www.chrono24.com/rolex/mens-rolex-datejust-1600-18k-yellow-gold--ss--id5462661.htm,,Steel,1 (mint),1968,Available now
,,,,,"Austria, Wien",,Automatic,1500,,Rolex,,,,,Yellow gold,34 mm,,http://www.chrono24.com/rolex/date-1500--id4603732.htm,,,1 (mint),1968,On request
With papers,Blue,,,,"Austria, Wien",,Automatic,23290462103001,,Omega,,,,,Titanium,45.5 mm,,http://www.chrono24.com/omega/seamaster-planet-ocean-2329046--id4872263.htm,,,1 (mint),2013,On request
,Black,,,,"Austria, Wien",,Automatic,3533,,IWC,,,,,Steel,38 mm,,http://www.chrono24.com/iwc/portofino--id5659800.htm,,,1 (mint),,On request
With papers,,,,,"Germany, Stuttgart",,Automatic,A19038021|BD20|443A,,Breitling,,,Men's watch/Unisex,Steel,,48 mm,,http://www.chrono24.com/breitling/navitimer-1461--id5123085.htm,,,0 (unworn),2017,On request
With papers,Grey,,,,"Austria, Wien",,Manual winding,5109G,,Patek Philippe,,,,,White gold,30 mm,,http://www.chrono24.com/patekphilippe/gondolo--id5653211.htm,,,1 (mint),,On request
With papers,,,,,"Indonesia, Indonesia",,Quartz,AP RO,,Audemars Piguet,,,Men's watch/Unisex,Steel,Steel,,,http://www.chrono24.com/audemarspiguet/ap-royal-oak---quartz---33mm--id5243233.htm,,,1 (mint),1988,Ready to ship in 3-5 days
With papers,,,,,"Hong Kong SAR, TST,Kowloon",,Manual winding,PAM00609,,Panerai,,,,Leather,Steel,,,http://www.chrono24.com/panerai/panerai-radiomir--id4479767.htm,,,0 (unworn),,On request
,Dial,"Date, GMT",Price,Dial numerals,Location,Material bezel,Movement,Ref. No.,Waterproof,Brand,Glass,Clasp,Gender,Bracelet material,Case material,Case diameter,Bracelet color,url,Movement/Caliber,Clasp material,Condition,Year,Availability
With papers,Black,"Date, GMT","$6,295",No numerals,"United States, California, Newport Beach",Steel,Automatic,216570,10 ATM,Rolex,Sapphire Glass,Fold clasp,Men's watch/Unisex,Steel,Steel,42 mm,Steel,http://www.chrono24.com/rolex/explorer-ii--steel-black-dial-bezel-42mm-216570-new--id5450808.htm,3187,Steel,0 (unworn),2016,Available now
,,,"$6,350",,"United States, New York, new york",,Automatic,16700,,Rolex,Sapphire Glass,Fold clasp,Men's watch/Unisex,Steel,Steel,40 mm,Steel,http://www.chrono24.com/rolex/gmt-master-ii-pepsi-bezel--id5649644.htm,,Steel,1 (mint),1999,Available now
With papers,Green,,"$7,995",No numerals,"United States, California, Newport Beach",Ceramic,Automatic,116610LV,30 ATM,Rolex,Sapphire Glass,Double-fold clasp,Men's watch/Unisex,Steel,Steel,40 mm,Steel,http://www.chrono24.com/rolex/submariner-stainless-ceramic-green-dial-hulk-watch-40mm--id5543657.htm,3135,Steel,1 (mint),2016,Available now
With papers,,,"$21,500",,"United States, New York, New York",,Automatic,116718,,Rolex,,Double-fold clasp,Men's watch/Unisex,Yellow Gold,Yellow gold,,Yellow,http://www.chrono24.com/rolex/rolex-watches---gmt-master-ii-yellow-gold--id3957919.htm,,Yellow gold,1 (mint),2010 2011 2012 2013 2014,Available now
With papers,Mother of pearl,,"$13,999",,"United States, New York, New York",,Automatic,114300,10 ATM,Rolex,,,Men's watch/Unisex,Steel,,39 mm,Steel,http://www.chrono24.com/rolex/new-style-rolex-oyster-perpetual-15-carats-of-genuine-diamonds-micro-pave-style--id5685821.htm,,,1 (mint),,Available now
,Champagne,,"$3,299 [Negotiable]",,"United States, New York, New York",Yellow gold,Automatic,1600,,Rolex,Plexiglass,Fold clasp,Men's watch/Unisex,Gold/Steel,Steel,36 mm,Gold/Steel,http://www.chrono24.com/rolex/mens-rolex-datejust-1600-18k-yellow-gold--ss--id5462661.htm,,Steel,1 (mint),1968,Available now
With box,Champagne,,"$3,300",No numerals,"United States, Florida, Miami",Yellow gold,Automatic,,,Rolex,,Fold clasp,Men's watch/Unisex,Gold/Steel,Gold/Steel,36 mm,Gold/Steel,http://www.chrono24.com/rolex/datejust-36mm-two-tone-jubilee-band-champaigne-dial--id4831067.htm,,Steel,1 (mint),1975,Available now
,Dial,"Date, GMT",Price,Dial numerals,Location,Material bezel,Movement,Ref. No.,Waterproof,Brand,Glass,Clasp,Gender,Bracelet material,Case material,Case diameter,Bracelet color,url,Movement/Caliber,Clasp material,Condition,Year,Availability
With papers,Black,"Date, GMT","$6,295",No numerals,"United States, California, Newport Beach",Steel,Automatic,216570,10 ATM,Rolex,Sapphire Glass,Fold clasp,Men's watch/Unisex,Steel,Steel,42 mm,Steel,http://www.chrono24.com/rolex/explorer-ii--steel-black-dial-bezel-42mm-216570-new--id5450808.htm,3187,Steel,0 (unworn),2016,Available now
With papers,Black,,"$29,500",,"United States, Pennsylvania, Philadelphia",,Automatic,218239,10 ATM,Rolex,,Fold clasp,Men's watch/Unisex,,White gold,41 mm,Silver,http://www.chrono24.com/rolex/day-date-ii-218239--id5601872.htm,,,1 (mint),,Available now
,,,"$6,350",,"United States, New York, new york",,Automatic,16700,,Rolex,Sapphire Glass,Fold clasp,Men's watch/Unisex,Steel,Steel,40 mm,Steel,http://www.chrono24.com/rolex/gmt-master-ii-pepsi-bezel--id5649644.htm,,Steel,1 (mint),1999,Available now
With papers,Green,,"$7,995",No numerals,"United States, California, Newport Beach",Ceramic,Automatic,116610LV,30 ATM,Rolex,Sapphire Glass,Double-fold clasp,Men's watch/Unisex,Steel,Steel,40 mm,Steel,http://www.chrono24.com/rolex/submariner-stainless-ceramic-green-dial-hulk-watch-40mm--id5543657.htm,3135,Steel,1 (mint),2016,Available now
With papers,,,"$21,500",,"United States, New York, New York",,Automatic,116718,,Rolex,,Double-fold clasp,Men's watch/Unisex,Yellow Gold,Yellow gold,,Yellow,http://www.chrono24.com/rolex/rolex-watches---gmt-master-ii-yellow-gold--id3957919.htm,,Yellow gold,1 (mint),2010 2011 2012 2013 2014,Available now
With papers,Mother of pearl,,"$13,999",,"United States, New York, New York",,Automatic,114300,10 ATM,Rolex,,,Men's watch/Unisex,Steel,,39 mm,Steel,http://www.chrono24.com/rolex/new-style-rolex-oyster-perpetual-15-carats-of-genuine-diamonds-micro-pave-style--id5685821.htm,,,1 (mint),,Available now
,Champagne,,"$3,299 [Negotiable]",,"United States, New York, New York",Yellow gold,Automatic,1600,,Rolex,Plexiglass,Fold clasp,Men's watch/Unisex,Gold/Steel,Steel,36 mm,Gold/Steel,http://www.chrono24.com/rolex/mens-rolex-datejust-1600-18k-yellow-gold--ss--id5462661.htm,,Steel,1 (mint),1968,Available now
,Dial,"Date, GMT",Price,Dial numerals,Location,Material bezel,Movement,Ref. No.,Waterproof,Brand,Glass,Clasp,Gender,Bracelet material,Case material,Case diameter,Bracelet color,url,Movement/Caliber,Clasp material,Condition,Year,Availability
With papers,Black,"Date, GMT","$6,295",No numerals,"United States, California, Newport Beach",Steel,Automatic,216570,10 ATM,Rolex,Sapphire Glass,Fold clasp,Men's watch/Unisex,Steel,Steel,42 mm,Steel,http://www.chrono24.com/rolex/explorer-ii--steel-black-dial-bezel-42mm-216570-new--id5450808.htm,3187,Steel,0 (unworn),2016,Available now
With papers,Black,,"$29,500",,"United States, Pennsylvania, Philadelphia",,Automatic,218239,10 ATM,Rolex,,Fold clasp,Men's watch/Unisex,,White gold,41 mm,Silver,http://www.chrono24.com/rolex/day-date-ii-218239--id5601872.htm,,,1 (mint),,Available now
,,,"$6,350",,"United States, New York, new york",,Automatic,16700,,Rolex,Sapphire Glass,Fold clasp,Men's watch/Unisex,Steel,Steel,40 mm,Steel,http://www.chrono24.com/rolex/gmt-master-ii-pepsi-bezel--id5649644.htm,,Steel,1 (mint),1999,Available now
With papers,Green,,"$7,995",No numerals,"United States, California, Newport Beach",Ceramic,Automatic,116610LV,30 ATM,Rolex,Sapphire Glass,Double-fold clasp,Men's watch/Unisex,Steel,Steel,40 mm,Steel,http://www.chrono24.com/rolex/submariner-stainless-ceramic-green-dial-hulk-watch-40mm--id5543657.htm,3135,Steel,1 (mint),2016,Available now
With papers,,,"$21,500",,"United States, New York, New York",,Automatic,116718,,Rolex,,Double-fold clasp,Men's watch/Unisex,Yellow Gold,Yellow gold,,Yellow,http://www.chrono24.com/rolex/rolex-watches---gmt-master-ii-yellow-gold--id3957919.htm,,Yellow gold,1 (mint),2010 2011 2012 2013 2014,Available now
With papers,Mother of pearl,,"$13,999",,"United States, New York, New York",,Automatic,114300,10 ATM,Rolex,,,Men's watch/Unisex,Steel,,39 mm,Steel,http://www.chrono24.com/rolex/new-style-rolex-oyster-perpetual-15-carats-of-genuine-diamonds-micro-pave-style--id5685821.htm,,,1 (mint),,Available now
,Champagne,,"$3,299 [Negotiable]",,"United States, New York, New York",Yellow gold,Automatic,1600,,Rolex,Plexiglass,Fold clasp,Men's watch/Unisex,Gold/Steel,Steel,36 mm,Gold/Steel,http://www.chrono24.com/rolex/mens-rolex-datejust-1600-18k-yellow-gold--ss--id5462661.htm,,Steel,1 (mint),1968,Available now
,,,,,"Austria, Wien",,Automatic,1500,,Rolex,,,,,Yellow gold,34 mm,,http://www.chrono24.com/rolex/date-1500--id4603732.htm,,,1 (mint),1968,On request
With papers,Blue,,,,"Austria, Wien",,Automatic,23290462103001,,Omega,,,,,Titanium,45.5 mm,,http://www.chrono24.com/omega/seamaster-planet-ocean-2329046--id4872263.htm,,,1 (mint),2013,On request
,Black,,,,"Austria, Wien",,Automatic,3533,,IWC,,,,,Steel,38 mm,,http://www.chrono24.com/iwc/portofino--id5659800.htm,,,1 (mint),,On request
With papers,,,,,"Germany, Stuttgart",,Automatic,A19038021|BD20|443A,,Breitling,,,Men's watch/Unisex,Steel,,48 mm,,http://www.chrono24.com/breitling/navitimer-1461--id5123085.htm,,,0 (unworn),2017,On request
With papers,Grey,,,,"Austria, Wien",,Manual winding,5109G,,Patek Philippe,,,,,White gold,30 mm,,http://www.chrono24.com/patekphilippe/gondolo--id5653211.htm,,,1 (mint),,On request
With papers,,,,,"Indonesia, Indonesia",,Quartz,AP RO,,Audemars Piguet,,,Men's watch/Unisex,Steel,Steel,,,http://www.chrono24.com/audemarspiguet/ap-royal-oak---quartz---33mm--id5243233.htm,,,1 (mint),1988,Ready to ship in 3-5 days
With papers,,,,,"Hong Kong SAR, TST,Kowloon",,Manual winding,PAM00609,,Panerai,,,,Leather,Steel,,,http://www.chrono24.com/panerai/panerai-radiomir--id4479767.htm,,,0 (unworn),,On request
With papers,Silver,,,,"Austria, Wien",,Automatic,140.8.98S,,Jaeger-LeCoultre,,,,,Steel,38 mm,,http://www.chrono24.com/jaegerlecoultre/master-moon--id5599964.htm,,,1 (mint),,On request
With papers,Grey,,,,"Italy, BRESCIA",Ceramic,Automatic,CAZ2012.BA0876,20 ATM,TAG Heuer,Sapphire Glass,,,Steel,Steel,44 mm,Steel,http://www.chrono24.com/tagheuer/formula-1-cronografo-44mm-in-acciaio-ref-caz2012ba0876--id5700307.htm,,,0 (unworn),2017,On request
With papers,,,,,"Switzerland, Freienbach/Zürich",,Automatic,521.CM.7170.LR,,Hublot,,,Men's watch/Unisex,Crocodile skin,Ceramic,45 mm,,http://www.chrono24.com/hublot/classic-fusion-ceramic-blue--id5707993.htm,,,0 (unworn),2017,On request
With papers,,,"$19,000 [Negotiable]",,"Hong Kong SAR, 852",,Automatic,341.PR.2010.LR.1913,,Hublot,,,Ladies' watch,Rubber,Pink gold,,,http://www.chrono24.com/hublot/big-bang-gold-tutti-frutti-red--id5025188.htm,,,0 (unworn),,Available now
With box,Black,,"$10,950",,"United States, New York, Airmont",,Automatic,,5 ATM,Hublot,,Fold clasp,Men's watch/Unisex,Calfskin,Ceramic,,Black,http://www.chrono24.com/hublot/classic-fusion-shiny-42mm-542cs1210vr1204--id4997026.htm,,,0 (unworn),,On request
With box,Transparent,,"$78,624",,"United States, New York, Brooklyn NY",,Manual winding,505.OX.0180.LR,3 ATM,Hublot,Sapphire Glass,Fold clasp,Men's watch/Unisex,Leather,,45 mm,Black,http://www.chrono24.com/hublot/classic-fusion-tourbillon--id5346106.htm,HUB6010.H1.8,,0 (unworn),,On request
With box,Black,,"$32,472",,"United States, New York, Brooklyn NY",,Automatic,516.OX.1480.LR.1704,5 ATM,Hublot,Sapphire Glass,,Men's watch/Unisex,Rubber,Pink gold,45 mm,,http://www.chrono24.com/hublot/classic-fusion--id4366138.htm,HUB1601,,0 (unworn),,On request
With box,,,"$76,450",,"United States, New York, Brooklyn NY",,Manual winding,505.NX.0170.LR.1904,3 ATM,Hublot,Sapphire Glass,,Men's watch/Unisex,Crocodile skin,Titanium,45 mm,Black,http://www.chrono24.com/hublot/classic-fusion-tourbillon--id4239273.htm,MHUB6010.H1.8,,0 (unworn),,On request
With box,,,"$65,952",,"United States, New York, Brooklyn NY",,Automatic,411.OX.1180.RX.0904,,Hublot,Sapphire Glass,Fold clasp,Men's watch/Unisex,Rubber,Pink gold,45 mm,Black,http://www.chrono24.com/hublot/big-bang-unico--id4239225.htm,,,0 (unworn),,On request
With box,Silver,,"$27,216",,"United States, New York, Brooklyn NY",,Automatic,511.OX.2611.OX,5 ATM,Hublot,Sapphire Glass,Fold clasp,Men's watch/Unisex,Pink Gold,Pink gold,45 mm,Gold,http://www.chrono24.com/hublot/classic-fusion--id4366152.htm,HUB1112,,0 (unworn),,On request
With box,Black,,"$9,432",,"United States, New York, Brooklyn NY",,Automatic,521.NX.1170.NX,5 ATM,Hublot,Sapphire Glass,Fold clasp,Men's watch/Unisex,Titanium,Titanium,45 mm,,http://www.chrono24.com/hublot/classic-fusion--id4871400.htm,HUB1143,,0 (unworn),,On request
,Dial,"Date, GMT",Price,Dial numerals,Location,Material bezel,Movement,Ref. No.,Waterproof,Brand,Glass,Clasp,Gender,Bracelet material,Case material,Case diameter,Bracelet color,url,Movement/Caliber,Clasp material,Condition,Year,Availability
With papers,Black,"Date, GMT","$6,295",No numerals,"United States, California, Newport Beach",Steel,Automatic,216570,10 ATM,Rolex,Sapphire Glass,Fold clasp,Men's watch/Unisex,Steel,Steel,42 mm,Steel,http://www.chrono24.com/rolex/explorer-ii--steel-black-dial-bezel-42mm-216570-new--id5450808.htm,3187,Steel,0 (unworn),2016,Available now
With papers,,,"$21,500",,"United States, New York, New York",,Automatic,116718,,Rolex,,Double-fold clasp,Men's watch/Unisex,Yellow Gold,Yellow gold,,Yellow,http://www.chrono24.com/rolex/rolex-watches---gmt-master-ii-yellow-gold--id3957919.htm,,Yellow gold,1 (mint),2010 2011 2012 2013 2014,Available now
With papers,Mother of pearl,,"$13,999",,"United States, New York, New York",,Automatic,114300,10 ATM,Rolex,,,Men's watch/Unisex,Steel,,39 mm,Steel,http://www.chrono24.com/rolex/new-style-rolex-oyster-perpetual-15-carats-of-genuine-diamonds-micro-pave-style--id5685821.htm,,,1 (mint),,Available now
,Champagne,,"$3,299 [Negotiable]",,"United States, New York, New York",Yellow gold,Automatic,1600,,Rolex,Plexiglass,Fold clasp,Men's watch/Unisex,Gold/Steel,Steel,36 mm,Gold/Steel,http://www.chrono24.com/rolex/mens-rolex-datejust-1600-18k-yellow-gold--ss--id5462661.htm,,Steel,1 (mint),1968,Available now
With box,Champagne,,"$3,300",No numerals,"United States, Florida, Miami",Yellow gold,Automatic,,,Rolex,,Fold clasp,Men's watch/Unisex,Gold/Steel,Gold/Steel,36 mm,Gold/Steel,http://www.chrono24.com/rolex/datejust-36mm-two-tone-jubilee-band-champaigne-dial--id4831067.htm,,Steel,1 (mint),1975,Available now
,,,"$3,495",,"United States, California, Los Angeles",,Automatic,16014,,Rolex,,,Men's watch/Unisex,Steel,Steel,36 mm,,http://www.chrono24.com/rolex/ss-datejust-36mm-custom-black-diamond-dial-wg-fluted-16014--id4878831.htm,Rolex Automatic 3035,,1 (mint),1980's,Available now
With papers,Black,"Date, GMT","$8,999",No numerals,"United States, New York, New York",Ceramic,Automatic,116710BLNR,10 ATM,Rolex,Sapphire Glass,Fold clasp,Men's watch/Unisex,Steel,Steel,40 mm,Steel,http://www.chrono24.com/rolex/gmt-master-ii-black-and-blue-ceramic-2016--id3465696.htm,,Steel,0 (unworn),2016,Available now
,,,,,"Austria, Wien",,Automatic,1500,,Rolex,,,,,Yellow gold,34 mm,,http://www.chrono24.com/rolex/date-1500--id4603732.htm,,,1 (mint),1968,On request
,Black,,,,"Austria, Wien",,Automatic,3533,,IWC,,,,,Steel,38 mm,,http://www.chrono24.com/iwc/portofino--id5659800.htm,,,1 (mint),,On request
With papers,,,,,"Germany, Stuttgart",,Automatic,A19038021|BD20|443A,,Breitling,,,Men's watch/Unisex,Steel,,48 mm,,http://www.chrono24.com/breitling/navitimer-1461--id5123085.htm,,,0 (unworn),2017,On request
With papers,Grey,,,,"Austria, Wien",,Manual winding,5109G,,Patek Philippe,,,,,White gold,30 mm,,http://www.chrono24.com/patekphilippe/gondolo--id5653211.htm,,,1 (mint),,On request
With papers,,,,,"Indonesia, Indonesia",,Quartz,AP RO,,Audemars Piguet,,,Men's watch/Unisex,Steel,Steel,,,http://www.chrono24.com/audemarspiguet/ap-royal-oak---quartz---33mm--id5243233.htm,,,1 (mint),1988,Ready to ship in 3-5 days
With papers,,,,,"Hong Kong SAR, TST,Kowloon",,Manual winding,PAM00609,,Panerai,,,,Leather,Steel,,,http://www.chrono24.com/panerai/panerai-radiomir--id4479767.htm,,,0 (unworn),,On request
With papers,Silver,,,,"Austria, Wien",,Automatic,140.8.98S,,Jaeger-LeCoultre,,,,,Steel,38 mm,,http://www.chrono24.com/jaegerlecoultre/master-moon--id5599964.htm,,,1 (mint),,On request
With papers,Grey,,,,"Italy, BRESCIA",Ceramic,Automatic,CAZ2012.BA0876,20 ATM,TAG Heuer,Sapphire Glass,,,Steel,Steel,44 mm,Steel,http://www.chrono24.com/tagheuer/formula-1-cronografo-44mm-in-acciaio-ref-caz2012ba0876--id5700307.htm,,,0 (unworn),2017,On request
With papers,,,,,"Germany, Mülheim an der Ruhr",,Automatic,WAY2151.BD0912,,TAG Heuer,Sapphire Glass,Fold clasp,Men's watch/Unisex,Gold/Steel,Gold/Steel,"40,50 mm",,http://www.chrono24.com/tagheuer/aquaracer-calibre-5-automatik-405mm-ref-way2151bd0912--id3083619.htm,,Steel,0 (unworn),2017,On request
With papers,Transparent,,,No numerals,"Germany, Bietigheim-Bissingen",Carbon,Automatic,411.QX.1170.RX,10 ATM,Hublot,Sapphire Glass,Fold clasp,Men's watch/Unisex,Rubber,Carbon,45 mm,Black,http://www.chrono24.com/hublot/big-bang-unico-carbon-411qx1170rx--id4593854.htm,HUB1242,Titanium,0 (unworn),2016,Available now
With papers,,,,,"Switzerland, Freienbach/Zürich",,Automatic,521.CM.7170.LR,,Hublot,,,Men's watch/Unisex,Crocodile skin,Ceramic,45 mm,,http://www.chrono24.com/hublot/classic-fusion-ceramic-blue--id5707993.htm,,,0 (unworn),2017,On request
With box,Black,,,No numerals,"Spain, MADRID",,Quartz,1401. 2,5 ATM,Hublot,Sapphire Glass,Double-fold clasp,Men's watch/Unisex,Rubber,Gold/Steel,32 mm,Black,http://www.chrono24.com/hublot/classic-steel-and-gold-medium-size-quartz--id4940453.htm,,Gold/Steel,1 (mint),,Available now
With box,Black,,"$19,890",,"United States, New York, Brooklyn NY",,Automatic,709.CI.1770.RX,10 ATM,Hublot,Sapphire Glass,Fold clasp,Men's watch/Unisex,Rubber,Ceramic,48 mm,Black,http://www.chrono24.com/hublot/big-bang--id4426786.htm,HUB4143,,0 (unworn),,On request
With box,,,"$23,128",,"United States, New York, Brooklyn NY",,Automatic,320.UI.440.RX,10 ATM,Hublot,Sapphire Glass,Buckle,Men's watch/Unisex,Rubber,Titanium,44 mm,Black,http://www.chrono24.com/hublot/big-bang--id4404356.htm,HUB4000,,0 (unworn),,On request
With box,Black,,"$21,168",Arabic numerals,"United States, New York, Brooklyn NY",,Quartz,361.PX.1280.RX.1704,10 ATM,Hublot,Sapphire Glass,Fold clasp,Ladies' watch,Rubber,Pink gold,38 mm,Black,http://www.chrono24.com/hublot/big-bang--id4585974.htm,HUB2900,,0 (unworn),,On request
With box,,,"$23,840",Arabic numerals,"United States, New York, Brooklyn NY",Aluminum,Automatic,401.NM.0123.VR.ENG13,10 ATM,Hublot,Sapphire Glass,Fold clasp,Men's watch/Unisex,Rubber,Titanium,45.5 mm,Black,http://www.chrono24.com/hublot/big-bang-ferrari--id4314180.htm,HUB1241,,0 (unworn),,On request
With box,,,"$76,450",,"United States, New York, Brooklyn NY",,Manual winding,505.NX.0170.LR.1904,3 ATM,Hublot,Sapphire Glass,,Men's watch/Unisex,Crocodile skin,Titanium,45 mm,Black,http://www.chrono24.com/hublot/classic-fusion-tourbillon--id4239273.htm,MHUB6010.H1.8,,0 (unworn),,On request
With box,Blue,,"$35,064",Arabic numerals,"United States, New York, Brooklyn NY",,Automatic,341.PP.9089.LR.1633.POP15,,Hublot,Sapphire Glass,Fold clasp,Ladies' watch,Crocodile skin,Red gold,41 mm,,http://www.chrono24.com/hublot/big-bang-pop-art--id4239258.htm,HUB4300,,0 (unworn),,On request
With box,,,"$65,952",,"United States, New York, Brooklyn NY",,Automatic,411.OX.1180.RX.0904,,Hublot,Sapphire Glass,Fold clasp,Men's watch/Unisex,Rubber,Pink gold,45 mm,Black,http://www.chrono24.com/hublot/big-bang-unico--id4239225.htm,,,0 (unworn),,On request
With box,,,"$289,440",,"United States, New York, Brooklyn NY",,Manual winding,905.NX.0001.RX.1704,3 ATM,Hublot,Sapphire Glass,,Men's watch/Unisex,Rubber,Titanium,46 mm,Black,http://www.chrono24.com/hublot/mp-05-laferrari--id3525175.htm,,,0 (unworn),,On request
With box,Black,,"$11,376",,"United States, New York, Brooklyn NY",,Quartz,581.NX.1171.RX.1704,5 ATM,Hublot,Sapphire Glass,Fold clasp,Ladies' watch,Rubber,Titanium,33 mm,Black,http://www.chrono24.com/hublot/classic-fusion--id4375884.htm,HUB2912,,0 (unworn),,On request
With box,,,"$50,760",Arabic numerals,"United States, New York, Brooklyn NY",White gold,Automatic,411.NX.1170.RX.0904,10 ATM,Hublot,Sapphire Glass,Fold clasp,Men's watch/Unisex,Rubber,Titanium,45 mm,Black,http://www.chrono24.com/hublot/big-bang-unico--id4462770.htm,HUB1242,,0 (unworn),,On request
With box,Black,,"$19,795",,"United States, New York, Brooklyn NY",,Automatic,341.XG.1280.NR.1229,,Hublot,Sapphire Glass,Fold clasp,Ladies' watch,,,41 mm,Black,http://www.chrono24.com/hublot/big-bang-gold-linen-black-tourmaline-set-dial-limited-edition-ladies-watch--id4239242.htm,HUB4300,,0 (unworn),,On request
With box,,,"$20,304",,"United States, New York, Brooklyn NY",,Automatic,311.QX.1134.RX,10 ATM,Hublot,Sapphire Glass,Buckle,Men's watch/Unisex,Rubber,Carbon,44 mm,Black,http://www.chrono24.com/hublot/big-bang--id4239420.htm,HUB4214,,0 (unworn),,On request
With box,,,"$80,175",,"United States, New York, Brooklyn NY",,Automatic,341.PC.9114.RX.094,10 ATM,Hublot,Sapphire Glass,Fold clasp,Men's watch/Unisex,Rubber,Pink gold,41 mm,,http://www.chrono24.com/hublot/big-bang--id4385827.htm,HUB41,,0 (unworn),,On request
With box,Silver,,"$6,552",,"United States, New York, Brooklyn NY",,Automatic,542.NX.2610.NX,5 ATM,Hublot,Sapphire Glass,Fold clasp,Men's watch/Unisex,Crocodile skin,Titanium,42 mm,Black,http://www.chrono24.com/hublot/classic-fusion--id4239151.htm,HUB1110,,0 (unworn),,On request
With box,,,"$32,850",,"United States, New York, Brooklyn NY",,Automatic,716.OM.1129.RX.MAN11,10 ATM,Hublot,Sapphire Glass,Fold clasp,Men's watch/Unisex,Rubber,,48 mm,Black,http://www.chrono24.com/hublot/big-bang-king-power--id5234658.htm,HUB4245,,0 (unworn),,On request
With box,Black,,"$36,113",,"United States, New York, Brooklyn NY",,Automatic,301.PX.130.PX,10 ATM,Hublot,Sapphire Glass,Fold clasp,Men's watch/Unisex,,Pink gold,44 mm,Gold,http://www.chrono24.com/hublot/big-bang--id4385875.htm,HUB4100,,0 (unworn),,On request
With box,,,"$20,736",,"United States, New York, Brooklyn NY",,Automatic,341.CV.7517.VR.1975,10 ATM,Hublot,Sapphire Glass,Fold clasp,Ladies' watch,Calfskin,Ceramic,41 mm,,http://www.chrono24.com/hublot/big-bang--id4077327.htm,HUB4300,,0 (unworn),,On request
With box,White,,"$70,725",,"United States, New York, Brooklyn NY",,Automatic,301.PE.230.RW.094,10 ATM,Hublot,Sapphire Glass,Fold clasp,Men's watch/Unisex,Rubber,Pink gold,44 mm,,http://www.chrono24.com/hublot/big-bang--id4424628.htm,HUB44,,0 (unworn),,On request
With box,Black,,"$14,328",Arabic numerals,"United States, New York, Brooklyn NY",,Automatic,341.CX.1210.VR.1100,10 ATM,Hublot,Sapphire Glass,Fold clasp,Men's watch/Unisex,Rubber,Ceramic,41 mm,Black,http://www.chrono24.com/hublot/big-bang--id4239009.htm,HUB4300,,0 (unworn),,On request
With box,White,,"$23,580",,"United States, New York, Brooklyn NY",,Automatic,341.PO.2010.LR.1906,3 ATM,Hublot,Sapphire Glass,Fold clasp,Ladies' watch,Crocodile skin,Pink gold,41 mm,,http://www.chrono24.com/hublot/big-bang-tutti-frutti--id4606709.htm,HUB4300,,0 (unworn),,On request
With box,Brown,,"$17,850",,"United States, New York, Brooklyn NY",,Automatic,341.SC.5490.LR.1916,10 ATM,Hublot,Sapphire Glass,Fold clasp,Men's watch/Unisex,Leather,Steel,41 mm,Brown,http://www.chrono24.com/hublot/big-bang-tutti-frutti--id4239338.htm,HUB4300,,0 (unworn),,On request
With box,White,,"$32,184",,"United States, New York, Brooklyn NY",,Automatic,732.OE.2180.RW,100 ATM,Hublot,Sapphire Glass,Buckle,Men's watch/Unisex,Rubber,Pink gold,48 mm,White,http://www.chrono24.com/hublot/king-power-oceanographic-white-dial-chronograph-mens-watch-732oe2180rw--id3993499.htm,HUB4160,,0 (unworn),,On request
With box,Blue,,"$18,995",,"United States, New York, Brooklyn NY",,Automatic,341.SL.5190.LR.1901,10 ATM,Hublot,Sapphire Glass,Fold clasp,Men's watch/Unisex,,Steel,41 mm,Blue,http://www.chrono24.com/hublot/big-bang-tutti-frutti--id4239122.htm,HUB4300,,0 (unworn),,On request
With box,,,"$182,160",,"United States, New York, Brooklyn NY",Carbon,Manual winding,504.QX.0110.LR,,Hublot,Sapphire Glass,Fold clasp,Men's watch/Unisex,Rubber,Carbon,45 mm,Black,http://www.chrono24.com/hublot/classic-fusion--id4552910.htm,HUB8001,,0 (unworn),,On request
With box,Black,,"$21,168",Arabic numerals,"United States, New York, Brooklyn NY",,Automatic,341.PX.130.RX,10 ATM,Hublot,Sapphire Glass,Fold clasp,Men's watch/Unisex,Rubber,Pink gold,41 mm,,http://www.chrono24.com/hublot/big-bang--id4069463.htm,HUB2894,,0 (unworn),,On request
With box,Mother of pearl,,"$13,248",,"United States, New York, Brooklyn NY",,Quartz,,10 ATM,Hublot,Sapphire Glass,Fold clasp,Ladies' watch,,Steel,38 mm,Pink,http://www.chrono24.com/hublot/big-bang-tutti-frutti--id4239106.htm,,,0 (unworn),,On request
With box,Black,,"$12,384",,"United States, New York, Brooklyn NY",,Automatic,521.NX.1171.LR.1104,5 ATM,Hublot,Sapphire Glass,Fold clasp,Men's watch/Unisex,Crocodile skin,Titanium,45 mm,,http://www.chrono24.com/hublot/classic-fusion--id4366112.htm,HUB1143,,0 (unworn),,On request
With box,,,"$20,588",,"United States, New York, Brooklyn NY",,Automatic,710.CI.0110.RX.G011,10 ATM,Hublot,Sapphire Glass,Fold clasp,Men's watch/Unisex,Rubber,Ceramic,48 mm,Black,http://www.chrono24.com/hublot/big-bang-king-power--id4247260.htm,HUB4400,,0 (unworn),,On request
With box,Black,,"$16,488",,"United States, New York, Brooklyn NY",,Automatic,511.NX.1171.LR.1704,5 ATM,Hublot,Sapphire Glass,Fold clasp,Men's watch/Unisex,Crocodile skin,Titanium,45 mm,,http://www.chrono24.com/hublot/classic-fusion--id4366120.htm,HUB1112,,0 (unworn),,On request
With box,,,"$43,200",Arabic numerals,"United States, New York, Brooklyn NY",Ceramic,Automatic,411.NX.1170.RX.1904,10 ATM,Hublot,Sapphire Glass,Fold clasp,Men's watch/Unisex,Rubber,Titanium,45 mm,Black,http://www.chrono24.com/hublot/big-bang-unico--id4239154.htm,HUB1242,,0 (unworn),,On request
With box,Gold,,"$61,200",,"United States, New York, Brooklyn NY",,Automatic,542.OX.9010.OX.3704,5 ATM,Hublot,Sapphire Glass,Fold clasp,Men's watch/Unisex,Pink Gold,Pink gold,42 mm,Gold,http://www.chrono24.com/hublot/classic-fusion--id4614215.htm,HUB1110,,0 (unworn),,On request
With box,Blue,,"$13,120",,"United States, New York, Brooklyn NY",,Automatic,301.SX.2710.NR.JEANS,10 ATM,Hublot,Sapphire Glass,Fold clasp,Men's watch/Unisex,Textile,Steel,44 mm,Blue,http://www.chrono24.com/hublot/big-bang--id4602843.htm,HUB4100,,0 (unworn),,On request
With box,Black,,"$34,704",,"United States, New York, Brooklyn NY",,Automatic,521.OX.1180.OX,5 ATM,Hublot,Sapphire Glass,Fold clasp,Men's watch/Unisex,,,45 mm,Gold,http://www.chrono24.com/hublot/classic-fusion--id4307459.htm,HUB1143,,0 (unworn),,On request
With box,Black,,"$31,752",,"United States, New York, Brooklyn NY",,Automatic,521.OX.1181.OX,5 ATM,Hublot,Sapphire Glass,Fold clasp,Men's watch/Unisex,Pink Gold,Pink gold,45 mm,Gold,http://www.chrono24.com/hublot/classic-fusion--id4366144.htm,HUB1143,,0 (unworn),,On request
With box,Brown,,"$10,921",,"United States, New York, Brooklyn NY",,Automatic,341.CC.3190.RC,,Hublot,Sapphire Glass,Fold clasp,Men's watch/Unisex,Rubber,Ceramic,41 mm,Brown,http://www.chrono24.com/hublot/big-bang--id4417192.htm,HUB4100,,0 (unworn),,On request
With box,White,,"$8,100",,"United States, New York, Brooklyn NY",,Automatic,346.HX.2800.BR,10 ATM,Hublot,Sapphire Glass,Fold clasp,Men's watch/Unisex,Rubber,Ceramic,41 mm,White,http://www.chrono24.com/hublot/big-bang-caviar--id4239274.htm,HUB1112,,0 (unworn),,On request
With box,Black,,"$6,365",,"United States, New York, Brooklyn NY",,Automatic,365.SM.1770.LR,10 ATM,Hublot,Sapphire Glass,Fold clasp,Men's watch/Unisex,Crocodile skin,Steel,38 mm,Black,http://www.chrono24.com/hublot/big-bang--id4644304.htm,HUB 1110,,0 (unworn),,On request
With box,Black,,"$28,350",,"United States, New York, Airmont",,Automatic,,5 ATM,Hublot,,Fold clasp,Men's watch/Unisex,Pink Gold,Pink gold,,,http://www.chrono24.com/hublot/classic-fusion-automatic-gold-45mm-510ox1181ox--id4996317.htm,,,0 (unworn),,On request
With box,Black,,"$9,000",,"United States, New York, Brooklyn NY",,Automatic,542.CM.1770.CM,10 ATM,Hublot,Sapphire Glass,Fold clasp,Men's watch/Unisex,Rubber,Ceramic,42 mm,,http://www.chrono24.com/hublot/classic-fusion--id4602862.htm,HUB1110,,0 (unworn),,On request
With box,Black,,"$5,976",,"United States, New York, Brooklyn NY",,Automatic,548.NX.1170.NX,5 ATM,Hublot,Sapphire Glass,,Men's watch/Unisex,Titanium,,42 mm,,http://www.chrono24.com/hublot/classic-fusion--id4239247.htm,HUB1110,,0 (unworn),,On request
With box,Black,,"$19,152",,"United States, New York, Brooklyn NY",,Automatic,545.OX.1280.LR,5 ATM,Hublot,Sapphire Glass,Fold clasp,Men's watch/Unisex,Leather,Pink gold,45 mm,Black,http://www.chrono24.com/hublot/king-gold--id4633042.htm,,,0 (unworn),,On request
With box,Black,,"$25,488",,"United States, New York, Brooklyn NY",,Automatic,542.OX.1180.LR.1704,5 ATM,Hublot,Sapphire Glass,Fold clasp,Men's watch/Unisex,Leather,Pink gold,42 mm,Black,http://www.chrono24.com/hublot/classic-fusion--id4479544.htm,HUB1110,,0 (unworn),,On request
With box,Grey,,"$11,016",,"United States, New York, Brooklyn NY",,Automatic,346.SX.0870.VR.1204,10 ATM,Hublot,Sapphire Glass,Fold clasp,Men's watch/Unisex,Leather,Steel,41 mm,Black,http://www.chrono24.com/hublot/big-bang-caviar--id4462874.htm,HUB1112,,0 (unworn),,On request
With box,Brown,,"$70,725",,"United States, New York, Brooklyn NY",,Automatic,301.PC.1007.RX.094,10 ATM,Hublot,Sapphire Glass,Fold clasp,Men's watch/Unisex,Rubber,Pink gold,44 mm,,http://www.chrono24.com/hublot/big-bang--id4239345.htm,HUB44,,0 (unworn),,On request
With box,,,"$9,000",,"United States, New York, Brooklyn NY",,Automatic,511.CM.1771.CM,,Hublot,Sapphire Glass,Fold clasp,Men's watch/Unisex,Ceramic,Ceramic,45 mm,Black,http://www.chrono24.com/hublot/classic-fusion--id5659530.htm,HUB1112,,0 (unworn),,On request
With box,Black,,"$10,080",,"United States, New York, Brooklyn NY",,Automatic,511.NX.1171.LR.1104,5 ATM,Hublot,Sapphire Glass,Fold clasp,Men's watch/Unisex,Rubber,Titanium,45 mm,,http://www.chrono24.com/hublot/classic-fusion--id4366151.htm,HUB1112,,0 (unworn),,On request
With box,Black,,"$20,520",,"United States, New York, Brooklyn NY",,Automatic,521.NX.1170.LR.1704,5 ATM,Hublot,Sapphire Glass,Fold clasp,Men's watch/Unisex,Leather,Titanium,45 mm,Black,http://www.chrono24.com/hublot/classic-fusion--id4466450.htm,HUB1143,,0 (unworn),,On request
With box,Blue,,"$29,160",Arabic numerals,"United States, New York, Brooklyn NY",,Automatic,341.VG.5199.LR.1922.POP14,10 ATM,Hublot,Sapphire Glass,Fold clasp,Men's watch/Unisex,Leather,,41 mm,Green,http://www.chrono24.com/hublot/big-bang-pop-art--id4239100.htm,HUB4100,,0 (unworn),,On request
With box,,,"$22,968",Arabic numerals,"United States, New York, Brooklyn NY",,Automatic,341.VV.7389.LR.1205.POP15,,Hublot,Sapphire Glass,Fold clasp,Ladies' watch,Crocodile skin,Yellow gold,41 mm,,http://www.chrono24.com/hublot/big-bang-pop-art--id4462882.htm,HUB4300,,0 (unworn),,On request
With box,,,"$21,816",,"United States, New York, Brooklyn NY",,Automatic,525.NX.0170.LR.1704,5 ATM,Hublot,Sapphire Glass,,Men's watch/Unisex,Crocodile skin,Titanium,45 mm,,http://www.chrono24.com/hublot/classic-fusion--id4366135.htm,HUB1155,,0 (unworn),,On request
With box,Silver,,"$6,120",,"United States, New York, Brooklyn NY",,Automatic,565.NX.2610.NX,5 ATM,Hublot,Sapphire Glass,Fold clasp,Men's watch/Unisex,Titanium,Titanium,38 mm,,http://www.chrono24.com/hublot/classic-fusion--id4314167.htm,HUB1110,,0 (unworn),,On request
With box,,,"$37,152",,"United States, New York, Brooklyn NY",,Automatic,701.OX.0180.RX.1104,10 ATM,Hublot,Sapphire Glass,Fold clasp,Men's watch/Unisex,Rubber,,48 mm,Black,http://www.chrono24.com/hublot/king-power-unico--id4375795.htm,HUB1240,,0 (unworn),,On request
With box,Black,,"$8,784",,"United States, New York, Brooklyn NY",,Quartz,361.SX.1270.SX.1104,10 ATM,Hublot,Sapphire Glass,Fold clasp,Ladies' watch,Steel,Steel,38 mm,Steel,http://www.chrono24.com/hublot/big-bang--id4239346.htm,,,0 (unworn),,On request
With box,,,"$24,624",,"United States, New York, Brooklyn NY",,Quartz,581.OX.9010.LR.1704,5 ATM,Hublot,Sapphire Glass,Fold clasp,Men's watch/Unisex,Crocodile skin,Pink gold,38 mm,,http://www.chrono24.com/hublot/classic-fusion--id4375828.htm,HUB2912,,0 (unworn),,On request
With box,Brown,,"$34,425",,"United States, New York, Brooklyn NY",,Automatic,341.PC.1007.RX.174,10 ATM,Hublot,Sapphire Glass,Fold clasp,Men's watch/Unisex,Rubber,Pink gold,41 mm,,http://www.chrono24.com/hublot/big-bang--id4448727.htm,HUB41,,0 (unworn),,On request
With box,Black,,"$14,328",,"United States, New York, Brooklyn NY",,Automatic,342.CV.130.RX.114,10 ATM,Hublot,Sapphire Glass,Fold clasp,Men's watch/Unisex,Rubber,Ceramic,41 mm,Black,http://www.chrono24.com/hublot/big-bang-black-magic--id4442352.htm,HUB4300,,0 (unworn),,On request
With box,Black,,"$21,526",,"United States, New York, Brooklyn NY",,Automatic,311.AI.1149.HRNIELL,10 ATM,Hublot,Sapphire Glass,,Men's watch/Unisex,Leather,Tantalum,44 mm,Black,http://www.chrono24.com/hublot/oscar-niemeyer-chronograph-black-dial-mens-watch--id4304817.htm,HUB4214,,0 (unworn),,On request
With box,Blue,,"$35,064",Arabic numerals,"United States, New York, Brooklyn NY",Yellow gold,Automatic,341.VG.9089.LR.1622.POP15,,Hublot,Sapphire Glass,Fold clasp,Ladies' watch,Rubber,Yellow gold,41 mm,,http://www.chrono24.com/hublot/big-bang-pop-art--id5612282.htm,HUB4300,,0 (unworn),,On request
With box,,,"$239,760",,"United States, New York, Brooklyn NY",,Manual winding,908.OX.1010.GR,3 ATM,Hublot,Sapphire Glass,Fold clasp,Men's watch/Unisex,Crocodile skin,,,,http://www.chrono24.com/hublot/mp-08-antikythera-sunmoon-skeleton-dial-mens-hand-wind-watch--id5323836.htm,HUB9008,,0 (unworn),,On request
With box,Blue,,"$15,984",,"United States, New York, Brooklyn NY",,Automatic,311.CI.5190.GR,,Hublot,Sapphire Glass,Buckle,Men's watch/Unisex,,Ceramic,44 mm,Blue,http://www.chrono24.com/hublot/big-bang--id4585999.htm,HUB4214,,0 (unworn),,On request
With box,,,"$30,600",,"United States, New York, Airmont",,Automatic,,5 ATM,Hublot,,Fold clasp,Men's watch/Unisex,Crocodile skin,Titanium,,Black,http://www.chrono24.com/hublot/classic-fusion-chronograph-45mm-521nx9010lr1704--id4996944.htm,,,0 (unworn),,On request
With box,Black,,"$13,095",,"United States, New York, Brooklyn NY",Ceramic,Manual winding,516.CM.1440.LR,,Hublot,Sapphire Glass,Fold clasp,Men's watch/Unisex,Rubber,,45 mm,Black,http://www.chrono24.com/hublot/classic-fusion--id4239250.htm,HUB1601,,0 (unworn),,On request
With box,Black,,"$16,056",Arabic numerals,"United States, New York, Brooklyn NY",,Automatic,411.CI.1190.LR.ABR14,10 ATM,Hublot,Sapphire Glass,,Men's watch/Unisex,Leather,Ceramic,45.5 mm,Black,http://www.chrono24.com/hublot/big-bang-king-red-black-ceramic-dial-black-ceramic-mens-sports-watch--id4399380.htm,HUB1242,,0 (unworn),,On request
With box,Black,,"$32,472",,"United States, New York, Brooklyn NY",,Automatic,516.OX.1480.LR.1704,5 ATM,Hublot,Sapphire Glass,,Men's watch/Unisex,Rubber,Pink gold,45 mm,,http://www.chrono24.com/hublot/classic-fusion--id4366138.htm,HUB1601,,0 (unworn),,On request
With box,,,"$22,248",,"United States, New York, Brooklyn NY",,Automatic,601.NX.0173.LR.1104,10 ATM,Hublot,Sapphire Glass,Fold clasp,Men's watch/Unisex,Leather,Titanium,51 x 45 mm,Black,http://www.chrono24.com/hublot/spirit-of-big-bang--id4239132.htm,HUB4700,,0 (unworn),,On request
With box,,,"$66,000",,"United States, New York, Brooklyn NY",,Automatic,511.OX.9010.OX.3704,5 ATM,Hublot,Sapphire Glass,Fold clasp,Men's watch/Unisex,Pink Gold,Pink gold,45 mm,Gold,http://www.chrono24.com/hublot/classic-fusion--id4417471.htm,HUB1112,,0 (unworn),,On request
With box,Gold,,"$63,648",,"United States, New York, Brooklyn NY",,Automatic,565.OX.9010.OX.3704,5 ATM,Hublot,Sapphire Glass,Fold clasp,Men's watch/Unisex,Pink Gold,Pink gold,38 mm,Gold,http://www.chrono24.com/hublot/classic-fusion--id4493346.htm,HUB1110,,0 (unworn),,On request
With box,Black,,"$31,320",,"United States, New York, Brooklyn NY",,Automatic,525.OX.0180.LR.1104,5 ATM,Hublot,Sapphire Glass,,Men's watch/Unisex,Crocodile skin,Pink gold,45 mm,,http://www.chrono24.com/hublot/classic-fusion--id4366114.htm,HUB1155,,0 (unworn),,On request
With box,,,"$52,704",,"United States, New York, Brooklyn NY",,Automatic,541.OX.9010.LR.0904,5 ATM,Hublot,Sapphire Glass,Fold clasp,Men's watch/Unisex,Crocodile skin,Pink gold,42 mm,,http://www.chrono24.com/hublot/classic-fusion--id4375798.htm,HUB1153,,0 (unworn),,On request
With box,Black,,"$27,864",,"United States, New York, Brooklyn NY",,Automatic,511.OX.1181.LR.1704,5 ATM,Hublot,Sapphire Glass,Buckle,Men's watch/Unisex,Rubber,Titanium,45 mm,,http://www.chrono24.com/hublot/classic-fusion--id4366122.htm,HUB1112,,0 (unworn),,On request
With box,Black,,"$27,999",,"United States, New York, Brooklyn NY",,Automatic,301-PB-131-PB,10 ATM,Hublot,Sapphire Glass,Fold clasp,Men's watch/Unisex,Pink Gold,Pink gold,44 mm,Gold,http://www.chrono24.com/hublot/big-bang--id4357100.htm,HUB4100,,0 (unworn),,On request
With box,Black,,"$12,816",Arabic numerals,"United States, New York, Brooklyn NY",,Automatic,341.SX.1270.VR.1104,10 ATM,Hublot,Sapphire Glass,Fold clasp,Ladies' watch,Leather,Steel,41 mm,Black,http://www.chrono24.com/hublot/big-bang-41mm--id4417202.htm,HUB4300,,0 (unworn),,On request
With box,Orange,,"$10,080",Arabic numerals,"United States, New York, Brooklyn NY",,Automatic,341.SP.4779.LR.1233.POP15,,Hublot,Sapphire Glass,Fold clasp,Ladies' watch,,,41 mm,,http://www.chrono24.com/hublot/big-bang-pop-art--id4417274.htm,HUB4300,,0 (unworn),,On request
With box,,,"$16,920",,"United States, New York, Brooklyn NY",,Automatic,511.OX.2611.LR,5 ATM,Hublot,Sapphire Glass,Buckle,Men's watch/Unisex,Rubber,Pink gold,45 mm,,http://www.chrono24.com/hublot/classic-fusion--id4366146.htm,HUB1112,,0 (unworn),,On request
With box,White,,"$10,872",,"United States, New York, Brooklyn NY",,Automatic,541.NE.2010.LR.1104,5 ATM,Hublot,Sapphire Glass,,Ladies' watch,Crocodile skin,Titanium,42 mm,,http://www.chrono24.com/hublot/classic-fusion--id4375843.htm,HUB1153,,0 (unworn),,On request
With box,Silver,,"$23,400",,"United States, New York, Brooklyn NY",,Automatic,548.OX.2610.OX,5 ATM,Hublot,Sapphire Glass,,Men's watch/Unisex,Pink Gold,Pink gold,42 mm,Gold,http://www.chrono24.com/hublot/classic-fusion--id5208237.htm,HUB1110,,0 (unworn),,On request
With box,,,"$26,424",,"United States, New York, Brooklyn NY",,Automatic,521.OC.0589.VR.OPX14,5 ATM,Hublot,Sapphire Glass,Fold clasp,Men's watch/Unisex,Leather,Pink gold,45 mm,Brown,http://www.chrono24.com/hublot/classic-fusion-forbidden-18-carat-rose-gold-automatic-mens-watch--id5379290.htm,HUB1143,,0 (unworn),,On request
With box,White,,"$31,350",,"United States, New York, Brooklyn NY",,Automatic,322.PE.230.RW,30 ATM,Hublot,Sapphire Glass,Fold clasp,Men's watch/Unisex,Rubber,Pink gold,48 mm,,http://www.chrono24.com/hublot/big-bang--id4579100.htm,HUB21,,0 (unworn),,On request
With box,Black,,"$19,152",,"United States, New York, Brooklyn NY",,Automatic,541.OX.1181.LR,5 ATM,Hublot,Sapphire Glass,Fold clasp,Men's watch/Unisex,Crocodile skin,Pink gold,42 mm,,http://www.chrono24.com/hublot/classic-fusion--id4375891.htm,HUB1153,,0 (unworn),,On request
With box,,,"$46,152",,"United States, New York, Brooklyn NY",,Automatic,701.OE.0128.GR.1704,10 ATM,Hublot,Sapphire Glass,Fold clasp,Men's watch/Unisex,Crocodile skin,Pink gold,48 mm,,http://www.chrono24.com/hublot/king-power-unico--id4375899.htm,HUB1240,,0 (unworn),,On request
With box,Brown,,"$28,350",,"United States, New York, Brooklyn NY",,Automatic,341-PC-1007-RX-114,10 ATM,Hublot,Sapphire Glass,Fold clasp,Men's watch/Unisex,Rubber,Pink gold,41 mm,,http://www.chrono24.com/hublot/big-bang--id4602861.htm,HUB41,,0 (unworn),,On request
With box,Black,,"$16,488",,"United States, New York, Brooklyn NY",,Automatic,541.NX.1171.LR.1704,5 ATM,Hublot,Sapphire Glass,Fold clasp,Men's watch/Unisex,Crocodile skin,Titanium,42 mm,,http://www.chrono24.com/hublot/classic-fusion--id4375875.htm,HUB1153,,0 (unworn),,On request
With box,,,"$50,040",,"United States, New York, Brooklyn NY",,Automatic,565.NX.9010.NX.3704,5 ATM,Hublot,Sapphire Glass,Fold clasp,Men's watch/Unisex,Titanium,Titanium,38 mm,,http://www.chrono24.com/hublot/classic-fusion--id4239257.htm,HUB1110,,0 (unworn),,On request
With box,,,"$30,952",,"United States, New York, Brooklyn NY",,Quartz,716.OM.1129.EURO,10 ATM,Hublot,Mineral Glass,Fold clasp,Men's watch/Unisex,Rubber,Pink gold,48 mm,,http://www.chrono24.com/hublot/uefa-euro--id4239411.htm,,,0 (unworn),,On request
With box,,,"$18,144",,"United States, New York, Brooklyn NY",,Automatic,601.NM.0173.LR,10 ATM,Hublot,Sapphire Glass,Fold clasp,Men's watch/Unisex,Crocodile skin,Titanium,51 mm,,http://www.chrono24.com/hublot/spirit-of-big-bang--id5659508.htm,HUB4700,,0 (unworn),,On request
With box,,,"$35,208",,"United States, New York, Brooklyn NY",,Automatic,565.OX.9010.LR.1704,5 ATM,Hublot,Sapphire Glass,Fold clasp,Men's watch/Unisex,Crocodile skin,Pink gold,38 mm,,http://www.chrono24.com/hublot/classic-fusion--id5659516.htm,HUB1110,,0 (unworn),,On request
With box,,,"$29,376",,"United States, New York, Brooklyn NY",,Automatic,521.NX.9010.LR.1704,5 ATM,Hublot,Sapphire Glass,Fold clasp,Men's watch/Unisex,Leather,Titanium,45 mm,Black,http://www.chrono24.com/hublot/classic-fusion--id4239419.htm,HUB1112,,0 (unworn),,On request
With box,Black,,"$22,968",,"United States, New York, Brooklyn NY",,Automatic,541.OX.1181.LR.1104,5 ATM,Hublot,Sapphire Glass,,Men's watch/Unisex,Crocodile skin,Pink gold,42 mm,,http://www.chrono24.com/hublot/classic-fusion--id4375907.htm,HUB1153,,0 (unworn),,On request
With box,Black,,"$23,904",,"United States, New York, Brooklyn NY",,Automatic,771.QX.1179.RX.CSH13,10 ATM,Hublot,Sapphire Glass,Buckle,Men's watch/Unisex,Rubber,Carbon,48 mm,Black,http://www.chrono24.com/hublot/king-power-unico--id4299888.htm,HUB1220,,0 (unworn),,On request
With box,,,"$16,200",,"United States, New York, Brooklyn NY",Ceramic,Automatic,411.NM.1170.NM,10 ATM,Hublot,Sapphire Glass,Fold clasp,Men's watch/Unisex,,Titanium,45 mm,Black,http://www.chrono24.com/hublot/big-bang-unico--id5517115.htm,HUB1242 UNICO,,0 (unworn),,On request
With box,,,"$28,275",,"United States, New York, Airmont",,Automatic,,5 ATM,Hublot,,Fold clasp,Men's watch/Unisex,Crocodile skin,Titanium,,Black,http://www.chrono24.com/hublot/classic-fusion-chronograph-42mm-541nx9010lr1704--id4996946.htm,,,0 (unworn),,On request
With box,,,"$20,736",,"United States, New York, Brooklyn NY",,Automatic,585.OX.2610.OX,5 ATM,Hublot,Sapphire Glass,,Ladies' watch,,,33 mm,Gold,http://www.chrono24.com/hublot/classic-fusion--id5659521.htm,,,0 (unworn),,On request
With box,,,"$84,490",,"United States, New York, Brooklyn NY",,Automatic,505.NX.9010.LR.1704,3 ATM,Hublot,Sapphire Glass,,Men's watch/Unisex,Crocodile skin,Titanium,45 mm,Black,http://www.chrono24.com/hublot/classic-fusion-tourbillon--id4239395.htm,,,0 (unworn),,On request
With box,Transparent,,"$78,624",,"United States, New York, Brooklyn NY",,Manual winding,505.OX.0180.LR,3 ATM,Hublot,Sapphire Glass,Fold clasp,Men's watch/Unisex,Leather,,45 mm,Black,http://www.chrono24.com/hublot/classic-fusion-tourbillon--id5346106.htm,HUB6010.H1.8,,0 (unworn),,On request
With box,Black,,"$20,625",,"United States, New York, Brooklyn NY",,Automatic,309G.CM.110,10 ATM,Hublot,Sapphire Glass,Fold clasp,Men's watch/Unisex,Rubber,Ceramic,44.5 mm,Black,http://www.chrono24.com/hublot/big-bang--id3961167.htm,HUB44 RT,,0 (unworn),,On request
With box,,,"$20,592",,"United States, New York, Brooklyn NY",,Automatic,601.CI.0110.RX,,Hublot,Sapphire Glass,Fold clasp,Men's watch/Unisex,Rubber,Ceramic,,Black,http://www.chrono24.com/hublot/spirit-of-big-bang--id4239252.htm,HUB4700,,0 (unworn),,On request
With box,White,,"$19,152",,"United States, New York, Brooklyn NY",,Automatic,545.OX.2210.LR,5 ATM,Hublot,Sapphire Glass,Fold clasp,Men's watch/Unisex,Leather,Pink gold,45 mm,Brown,http://www.chrono24.com/hublot/classic-fusion-ultra-thin-king-gold-white-dial-brown-leather-band-18-carat-rose-gold-automatic-mens-watch--id4069122.htm,,,0 (unworn),,On request
With box,Black,,"$20,736",,"United States, New York, Brooklyn NY",,Automatic,585.OX.1180.OX,5 ATM,Hublot,Sapphire Glass,,Ladies' watch,Pink Gold,Pink gold,33 mm,Gold,http://www.chrono24.com/hublot/classic-fusion--id5659507.htm,HUB1120,,0 (unworn),,On request
With box,,,"$56,664",,"United States, New York, Brooklyn NY",,Automatic,525.OX.0180.LR.0904,,Hublot,Sapphire Glass,Fold clasp,Men's watch/Unisex,Rubber,Pink gold,45 mm,,http://www.chrono24.com/hublot/classic-fusion--id4239260.htm,HUB1155,,0 (unworn),,On request
With box,Brown,,"$37,995",,"United States, New York, Brooklyn NY",,Automatic,703.OX.3113.HR.OPX12,10 ATM,Hublot,Sapphire Glass,Fold clasp,Men's watch/Unisex,Leather,Pink gold,48 mm,Brown,http://www.chrono24.com/hublot/king-power--id5234697.htm,HUB4100,,0 (unworn),,On request
With box,Black,,"$97,500",,"United States, New York, Brooklyn NY",,Manual winding,705.CI.0007.RX,10 ATM,Hublot,Sapphire Glass,Fold clasp,Men's watch/Unisex,Ceramic,Ceramic,48 mm,Black,http://www.chrono24.com/hublot/big-bang-king-power--id4462544.htm,HUB6002,,0 (unworn),,On request
With box,White,,"$21,960",,"United States, New York, Brooklyn NY",,Quartz,581.OX.2610.OX,5 ATM,Hublot,Sapphire Glass,Fold clasp,Ladies' watch,Pink Gold,Pink gold,33 mm,Gold,http://www.chrono24.com/hublot/classic-fusion--id4239414.htm,,,0 (unworn),,On request
With box,Silver,,"$13,896",,"United States, New York, Brooklyn NY",,Automatic,542.OX.2611.LR,5 ATM,Hublot,Sapphire Glass,,Men's watch/Unisex,Crocodile skin,Pink gold,42 mm,,http://www.chrono24.com/hublot/classic-fusion--id4375886.htm,HUB1112,,0 (unworn),,On request
With box,,,"$66,375",,"United States, New York, Brooklyn NY",Ceramic,Automatic,341.CW.9054.RW.194,10 ATM,Hublot,Sapphire Glass,Fold clasp,Men's watch/Unisex,Rubber,Ceramic,41 mm,,http://www.chrono24.com/hublot/big-bang--id4276226.htm,HUB41,,0 (unworn),,On request
With box,,,"$91,440",,"United States, New York, Brooklyn NY",,Manual winding,906.ND.0110.LR,3 ATM,Hublot,Sapphire Glass,,Men's watch/Unisex,Crocodile skin,,51 x 45 mm,,http://www.chrono24.com/hublot/masterpiece-mp-06-tourbillon-skeleton-dial-mens-watch--id4375926.htm,HUB9006.H1,,0 (unworn),,On request
With box,Brown,,"$18,144",,"United States, New York, Brooklyn NY",Carbon,Quartz,361.PC.3380.RC.1104,10 ATM,Hublot,Sapphire Glass,Fold clasp,Ladies' watch,Rubber,Pink gold,38 mm,,http://www.chrono24.com/hublot/big-bang--id4602991.htm,,,0 (unworn),,On request
With box,,,"$13,095",,"United States, New York, Brooklyn NY",Titanium,Automatic,525.NX.0139.VR.WCC15,5 ATM,Hublot,Sapphire Glass,,Men's watch/Unisex,,,45 mm,,http://www.chrono24.com/hublot/classic-fusion--id5342854.htm,HUB1155,,0 (unworn),,On request
With box,Black,,"$20,088",,"United States, New York, Brooklyn NY",,Automatic,565.OX.1181.LR.1704,5 ATM,Hublot,Sapphire Glass,Fold clasp,Men's watch/Unisex,Crocodile skin,Pink gold,38 mm,,http://www.chrono24.com/hublot/classic-fusion--id4375910.htm,HUB1110,,0 (unworn),,On request
With box,Black,,"$22,725",,"United States, New York, Brooklyn NY",,Automatic,322.LX.100.RX,30 ATM,Hublot,Sapphire Glass,Fold clasp,Men's watch/Unisex,Rubber,Palladium,48 mm,,http://www.chrono24.com/hublot/big-bang--id4077329.htm,HUB1400,,0 (unworn),,On request
With box,Black,,"$33,825",,"United States, New York, Airmont",,Manual winding,,5 ATM,Hublot,,Fold clasp,Men's watch/Unisex,Crocodile skin,Pink gold,,Black,http://www.chrono24.com/hublot/classic-fusion-power-reserve-8-days-45mm-516ox1480lr1704--id4996999.htm,,,0 (unworn),,On request
With box,Black,,"$61,600",,"United States, New York, Brooklyn NY",,Automatic,322.PX.1023.RX.0900,30 ATM,Hublot,Sapphire Glass,,Men's watch/Unisex,Rubber,Pink gold,48 mm,Black,http://www.chrono24.com/hublot/big-bang-king-automatic-mens-watch--id4531257.htm,HUB1400,,0 (unworn),,On request
With box,Mother of pearl,,"$20,700",,"United States, New York, Brooklyn NY",,Automatic,341.SE.231.LS.174,10 ATM,Hublot,Sapphire Glass,Fold clasp,Men's watch/Unisex,Crocodile skin,Steel,41 mm,,http://www.chrono24.com/hublot/big-bang--id4276209.htm,HUB41,,0 (unworn),,On request
With box,,,"$25,776",,"United States, New York, Brooklyn NY",Ceramic,Manual winding,515.CS.0910.LR,5 ATM,Hublot,Sapphire Glass,Fold clasp,Men's watch/Unisex,Rubber,Ceramic,45 mm,Black,http://www.chrono24.com/hublot/classic-fusion--id5423973.htm,CLASSICO HUB1302,,0 (unworn),,On request
With box,Black,,"$21,456",,"United States, New York, Brooklyn NY",,Manual winding,516.OX.1480.LR,5 ATM,Hublot,Sapphire Glass,Fold clasp,Men's watch/Unisex,Leather,Pink gold,45 mm,Black,http://www.chrono24.com/hublot/classic-fusion-king-gold-black-dial-black-leather-band-18-carat-rose-gold-case-mens-watch--id4239324.htm,HUB1601,,0 (unworn),,On request
With box,Black,,"$13,536",,"United States, New York, Brooklyn NY",,Automatic,343.SV.6510.NR.0800,,Hublot,Sapphire Glass,Fold clasp,Ladies' watch,,Steel,41 mm,Black,http://www.chrono24.com/hublot/big-bang-broderie-stainless-steel-black-diamond-set-limited-edition-ladies-watch--id4239019.htm,HUB1110,,0 (unworn),,On request
With box,Black,,"$5,256",,"United States, New York, Brooklyn NY",,Automatic,585.NX.1170.NX,5 ATM,Hublot,Sapphire Glass,,Men's watch/Unisex,Titanium,,33 mm,,http://www.chrono24.com/hublot/classic-fusion--id4590489.htm,HUB1120,,0 (unworn),,On request
With box,,,"$48,024",,"United States, New York, Brooklyn NY",,Automatic,542.NX.9010.NX.3704,5 ATM,Hublot,Sapphire Glass,Fold clasp,Men's watch/Unisex,Titanium,Titanium,42 mm,,http://www.chrono24.com/hublot/classic-fusion--id4479411.htm,HUB1110,,0 (unworn),,On request
With box,Black,,"$13,536",,"United States, New York, Brooklyn NY",,Automatic,301.SX.1170.RX.1104,10 ATM,Hublot,Sapphire Glass,Fold clasp,Men's watch/Unisex,Rubber,Steel,44 mm,Black,http://www.chrono24.com/hublot/big-bang--id4293735.htm,HUB4100,,0 (unworn),,On request
With box,,,"$48,744",,"United States, New York, Brooklyn NY",,Automatic,601.OX.0183.LR.1704,10 ATM,Hublot,Sapphire Glass,Fold clasp,Men's watch/Unisex,Rubber,,51 x 45 mm,Black,http://www.chrono24.com/hublot/spirit-of-big-bang-king-gold-mens-watch--id4587988.htm,HUB4700,,0 (unworn),,On request
With box,Black,,"$10,998",Arabic numerals,"United States, New York, Brooklyn NY",White gold,Quartz,361.CL.1110.LR.1907,10 ATM,Hublot,Sapphire Glass,Fold clasp,Men's watch/Unisex,Leather,Ceramic,38 mm,Blue,http://www.chrono24.com/hublot/big-bang-tutti-frutti--id4401621.htm,,,0 (unworn),,On request
With box,,,"$58,608",,"United States, New York, Brooklyn NY",,Manual winding,515.NX.0170.LR.0904,5 ATM,Hublot,Sapphire Glass,Fold clasp,Men's watch/Unisex,Crocodile skin,Titanium,45 mm,,http://www.chrono24.com/hublot/classic-fusion-classico-ultra-thin--id4366130.htm,HUB1300.4,,0 (unworn),,On request
With box,Black,,"$10,950",,"United States, New York, Airmont",,Automatic,,5 ATM,Hublot,,Fold clasp,Men's watch/Unisex,Calfskin,Ceramic,,Black,http://www.chrono24.com/hublot/classic-fusion-shiny-42mm-542cs1210vr1204--id4997026.htm,,,0 (unworn),,On request
With box,Black,,"$18,480",Arabic numerals,"United States, New York, Brooklyn NY",,Automatic,341.CV.1110.LR.1905,3 ATM,Hublot,Sapphire Glass,Fold clasp,Ladies' watch,Crocodile skin,Ceramic,41 mm,Purple,http://www.chrono24.com/hublot/big-bang-tutti-frutti--id4239307.htm,HUB4300,,0 (unworn),,On request
With box,Black,,"$31,248",,"United States, New York, Brooklyn NY",,Automatic,541.OX.1180.LR.1704,5 ATM,Hublot,Sapphire Glass,Fold clasp,Men's watch/Unisex,Leather,Pink gold,42 mm,Black,http://www.chrono24.com/hublot/classic-fusion--id4239022.htm,HUB1153,,0 (unworn),,On request
With box,Black,,"$19,440",,"United States, New York, Brooklyn NY",,Quartz,581.OX.1180.RX.1704,5 ATM,Hublot,Sapphire Glass,Fold clasp,Ladies' watch,Rubber,Pink gold,33 mm,Black,http://www.chrono24.com/hublot/classic-fusion--id4239347.htm,,,0 (unworn),,On request
With box,,,"$36,216",,"United States, New York, Brooklyn NY",,Automatic,525.OX.0180.LR.1704,5 ATM,Hublot,Sapphire Glass,,Men's watch/Unisex,Crocodile skin,Pink gold,45 mm,,http://www.chrono24.com/hublot/classic-fusion--id4969977.htm,HUB1155,,0 (unworn),,On request
With box,Mother of pearl,,"$17,850",,"United States, New York, Brooklyn NY",,Automatic,341.SV.6010.LR.1905,10 ATM,Hublot,Sapphire Glass,Fold clasp,Men's watch/Unisex,,Steel,41 mm,Purple,http://www.chrono24.com/hublot/big-bang-tutti-frutti--id4239355.htm,HUB4300,,0 (unworn),,On request
With box,Red,,"$13,300",Arabic numerals,"United States, New York, Brooklyn NY",,Quartz,361.CR.1110.RR.1913A,3 ATM,Hublot,Sapphire Glass,Fold clasp,Ladies' watch,Crocodile skin,Ceramic,38 mm,Red,http://www.chrono24.com/hublot/big-bang-tutti-frutti--id4417434.htm,HUB2900,,0 (unworn),,On request
With box,,,"$7,848",,"United States, New York, Brooklyn NY",Ceramic,Automatic,565.CM.1110.CM,5 ATM,Hublot,Sapphire Glass,,Men's watch/Unisex,Steel,Ceramic,38 mm,,http://www.chrono24.com/hublot/classic-fusion--id4401629.htm,,,0 (unworn),,On request
With box,Brown,,"$23,112",,"United States, New York, Brooklyn NY",Ceramic,Automatic,341.PC.3380.RC,10 ATM,Hublot,Sapphire Glass,,Men's watch/Unisex,Rubber,Ceramic,41 mm,Brown,http://www.chrono24.com/hublot/big-bang--id5443672.htm,HUB2894,,0 (unworn),,On request
With box,Black,,"$24,912",,"United States, New York, Brooklyn NY",,Automatic,341.PX.130.RX.114,10 ATM,Hublot,Sapphire Glass,Fold clasp,Men's watch/Unisex,Rubber,Pink gold,41 mm,,http://www.chrono24.com/hublot/big-bang--id4602903.htm,HUB2894,,0 (unworn),,On request
