Code,Ref. No.,url,Gender,Brand,Bracelet material,Case material,Location,Year,Availability,Condition,Movement
W240,12868,http://www.chrono24.com/rolex/vintage-precision-9k-gold-1938--id5167714.htm,Men's watch/Unisex,Rolex,Yellow Gold,Yellow gold,"United Kingdom, Potters Bar",1938,Available now,2 (fine),Manual winding
ROLE310959_1,218239,http://www.chrono24.com/rolex/day-date-ii-218239--id5601872.htm,Men's watch/Unisex,Rolex,,White gold,"United States, Pennsylvania, Philadelphia",,Available now,1 (mint),Automatic
,116718,http://www.chrono24.com/rolex/rolex-watches---gmt-master-ii-yellow-gold--id3957919.htm,Men's watch/Unisex,Rolex,Yellow Gold,Yellow gold,"United States, New York, New York",2010 2011 2012 2013 2014,Available now,1 (mint),Automatic
132085034049,218235,http://www.chrono24.com/rolex/platinum-presidential-10ct-diamond-rolex-day-date-ii-blue-dial-roman-numerals--id5709715.htm,Men's watch/Unisex,Rolex,Platinum,Platinum,"United States, New York, New York",,Available now,1 (mint),Automatic
,,http://www.chrono24.com/rolex/datejust-36mm-two-tone-jubilee-band-champaigne-dial--id4831067.htm,Men's watch/Unisex,Rolex,Gold/Steel,Gold/Steel,"United States, Florida, Miami",1975,Available now,1 (mint),Automatic
15344,126331 SUJJ,http://www.chrono24.com/rolex/datejust-41-15344--id5608561.htm,Men's watch/Unisex,Rolex,Steel,Steel,"United States, New York, New York",,Available now,0 (unworn),Automatic
RX0105171X,16263,http://www.chrono24.com/rolex/mens-rolex-datejust-thunderbird-18k-yg--ss-16263--id5565622.htm,Men's watch/Unisex,Rolex,Gold/Steel,Steel,"United States, New York, New York",2001,Available now,1 (mint),Automatic
11176616517,116333,http://www.chrono24.com/rolex/mens-2tone-datejust-41mm-latest-model-116333-raised-18k-gold-roman-unworn--id5531021.htm,Men's watch/Unisex,Rolex,,Gold/Steel,"United States, California, Orange",,Available now,0 (unworn),
4442,A13050,http://www.chrono24.com/breitling/chronomat-blackbird-serie-speciale-121997-art-br159--id4812736.htm,,Breitling,,Steel,"Italy, Chieri (TO)",1997,Available now,1 (mint),Automatic
214,A44365,http://www.chrono24.com/breitling/for-bentley-flying--b--a-44365-chronograph--id3551915.htm,Men's watch/Unisex,Breitling,Steel,Steel,"Poland, Krak√≥w",,Available now,0 (unworn),Automatic
